Feature,DirectRF_Importance,ResidualRF_Importance
Center_Y,2.8293550083335,1.96840542773284
True_3D_Dist,1.42738071494468,1.78867474535409
Center_X,3.3324769098622,1.73954538996545
Power_to_Dist_ratio,1.57375450595449,1.40697500155167
NDVI_center,1.23451539096387,1.2445191190206
DEM_center,1.98772236728672,1.18792236989408
Weighted_Height,1.33025274539434,1.03306973113393
Match_Angle_cos,1.47912706559823,0.99220035354447
Base_Mechanical_downtilt,1.57448822208298,0.76026172523446
Match_Angle_sin,1.87910540934489,0.735763485249487
Building_Coverage,1.06162106357756,0.684263579192672
Base_Direction_angle_sin,1.55051768313082,0.672701847455083
Base_Electronic_downtilt,1.4954677423153,0.587280403970198
Base_Direction_angle_cos,1.8983140907814,0.57758283271927
Base_Power,0.323960869722727,0.22056338265018
Base_Central_frequency_point,0.32402613399895,0.161737167348342
