OID,NDVI_center,Building_Coverage,Weighted_Height,SPEED_M_s_,ALT_M_,NR_TAC,NR_PCI,Base_Central_frequency_point,Base_Electronic_downtilt,Base_Mechanical_downtilt,Base_Power,Match_Dist,DEM_center,True_3D_Dist,Building_Coverage,Match_Angle_sin,Match_Angle_cos,Base_Direction_angle_sin,Base_Direction_angle_cos,NR_BAND_enc,Base_Bandwidth_enc,log_Match_Dist,log_True_3D_Dist,Power_to_Dist_ratio,Match_Dist_bin,SS_RSRP,Center_X,Center_Y,Grid_Row,Grid_Col,is_observed,is_interpolated,n_raw_measurements,interpolation_method,Height_AGL
1,0.454531997,0,0,35.7,33.75,10116864,386,636664,0,8,24,263.0303183,240,270.36,0.00618279,-0.810765421,-0.585371191,0.342020143,0.939692621,1,0,5.576063939,5.603446353,0.091244234,2,-72.66666667,106.6701731,29.50501655,100,1,1,0,4,none_observed,33.75
2,0.496044993,0,0,40.86,13,10116864,386,636664,0,8,24,287.1222303,252,297.27,0.00618279,-0.834253997,-0.55138033,0.342020143,0.939692621,1,0,5.663384801,5.697999117,0.083588094,3,-75,106.6704825,29.50501266,100,2,1,0,1,none_observed,13
3,0.633849978,0,0,42.57,1.333333333,10116864,386,636664,0,8,24,300.066717,261,309.915,0.00618279,-0.864416753,-0.502775972,0.342020143,0.939692621,1,0,5.707331891,5.739519563,0.079982212,3,-76,106.6707919,29.50500878,100,3,1,0,3,none_observed,1.333333333
4,0.637133002,0,0,44.4075,13,10116864,386,636664,0,8,24,336.6644704,264,342.7875,1.46E-17,-0.892424479,-0.451196798,0.342020143,0.939692621,1,0,5.822052711,5.840023734,0.071287594,3,-72.5,106.6711013,29.50500489,100,4,1,0,5,none_observed,13
5,0.630409002,0,0,40.24857143,23.42857143,10116864,384,636664,6,13,24,363.9048418,262,368.5471429,1.29E-17,-0.91060005,-0.4132887,0.766044443,-0.64278761,1,0,5.899636612,5.912278318,0.065951307,4,-76.85714286,106.6714107,29.505001,100,5,1,0,7,none_observed,23.42857143
6,0.674319029,0,0,37.2975,28.75,10116864,384,636664,6,13,24,837.8953711,261,840.8825,1.12E-17,0.536724518,-0.843757544,0.766044443,-0.64278761,1,0,6.732085992,6.735640456,0.028643194,7,-77.5,106.6717201,29.50499711,100,6,1,0,4,none_observed,28.75
7,0.678882003,0,0,30.49833333,23.83333333,10116864,384,636664,6,13,24,419.2778719,260,424.25,2.19E-19,-0.933703267,-0.358047775,0.766044443,-0.64278761,1,0,6.040916092,6.052677231,0.057241275,5,-76.66666667,106.6720295,29.50499322,100,7,1,0,6,none_observed,23.83333333
8,0.702144027,0,0,47.81,36.66666667,10116864,384,636664,6,13,24,440.9218113,258,444.25,2.02E-17,-0.946724511,-0.322044564,0.766044443,-0.64278761,1,0,6.091132969,6.098635922,0.054431419,5,-76.66666667,106.6723389,29.50498933,100,8,1,0,3,none_observed,36.66666667
9,0.704180002,0,0,35.43666667,44.33333333,10121472,319,636664,0,5,24,1531.571911,260,1531.583333,-7.55E-18,0.094355363,0.995538581,0.64278761,-0.766044443,1,0,7.334702591,7.334710043,0.015670175,9,-80,106.6726482,29.50498544,100,9,1,0,3,none_observed,44.33333333
10,0.702166975,0,0,51.06,35.57142857,10121472,244,636664,6,12,24,920.0236114,265,922.55,-2.14E-17,0.999438893,-0.033494777,-0.64278761,-0.766044443,1,0,6.825485673,6.82822494,0.026086287,8,-83.66666667,106.6729576,29.50498154,100,10,1,0,7,none_observed,35.57142857
11,0.693237007,0,0,50.525,36,10116864,384,636664,6,13,24,535.405163,267,537.21,-2.14E-17,-0.959821737,-0.280610466,0.766044443,-0.64278761,1,0,6.284889777,6.288248819,0.044825866,6,-76,106.673267,29.50497765,100,11,1,0,2,none_observed,36
12,0.584523022,0,0,41.005,15.8,10121472,319,636664,0,5,24,1047.566098,266,1049.275,-2.59E-17,0.779764358,-0.626073116,0.64278761,-0.766044443,1,0,6.955178889,6.956807314,0.022910249,8,-86.5,106.6735764,29.50497375,100,12,1,0,5,none_observed,15.8
13,0.664807022,0,0,35.77,24,10121472,76,636664,6,2,24,1142.31988,266,1144.81,-5.88E-18,0.656040194,0.754725953,-0.64278761,-0.766044443,1,0,7.041691485,7.043867089,0.021009877,8,-78,106.6738858,29.50496986,100,13,1,0,2,none_observed,24
14,0.679759979,0,0,33.33142857,120.375,10121472,61,636664,6,12,24,784.4709623,270,785.6328571,3.69E-17,0.847592109,0.530648298,-0.5,-0.866025404,1,0,6.66628349,6.66776163,0.030593867,7,-82.57142857,106.6741952,29.50496596,100,14,1,0,8,none_observed,120.375
15,0.664996982,0,0,33.56111111,111.1111111,10121472,145,636664,6,12,24,1119.228184,274,1120.764444,4.80E-17,0.483232774,0.875491911,0.573576436,-0.819152044,1,0,7.021287679,7.022658121,0.021443348,8,-81.22222222,106.6745046,29.50496207,100,15,1,0,9,none_observed,111.1111111
16,0.652665019,0,0,38.84833333,117.5,10121472,328,636664,6,3,24,1110.086454,276,1111.69,7.63E-17,0.920554673,0.39061374,-0.984807753,0.173648178,1,0,7.013093603,7.014535786,0.021619938,8,-80.5,106.674814,29.50495817,100,16,1,0,6,none_observed,117.5
17,0.685712993,0,0,35.35571429,126.875,10121472,145,636664,6,12,24,1025.519806,274,1026.832857,1.27E-16,0.330432689,0.94382956,0.573576436,-0.819152044,1,0,6.933929531,6.935207842,0.023402766,8,-80.28571429,106.6751234,29.50495427,100,17,1,0,8,none_observed,126.875
18,0.686833978,0,0,13.51837838,119.4222222,10121472,145,636664,6,12,24,890.6674992,268,891.0878378,1.27E-16,0.199503871,0.979897038,0.573576436,-0.819152044,1,0,6.793093304,6.793564601,0.026946083,7,-80.35135135,106.6754328,29.50495038,100,18,1,0,45,none_observed,119.4222222
19,0.665970981,0,0,38.7075,145.2,10121472,145,636664,6,12,24,788.3259449,262,789.5825,1.13E-16,0.218217763,0.975900101,0.573576436,-0.819152044,1,0,6.671179347,6.672770016,0.03044426,7,-82.5,106.6757422,29.50494648,100,19,1,0,5,none_observed,145.2
20,0.67196703,0,0,37.18666667,140,10121472,61,636664,6,12,24,710.3822196,253,711.2266667,1.33E-16,0.270954888,0.962592047,-0.5,-0.866025404,1,0,6.567209866,6.568396213,0.033784629,7,-82,106.6760516,29.50494258,100,20,1,0,3,none_observed,140
21,0.669812977,0,0,40.0125,146,10121472,61,636664,6,12,24,702.1197936,251,702.8275,1.05E-16,0.229022649,0.973421094,-0.5,-0.866025404,1,0,6.555527281,6.556533298,0.034182201,7,-82.5,106.676361,29.50493868,100,21,1,0,4,none_observed,146
22,0.625326991,0,0,40.74888889,140.3333333,10121472,61,636664,6,12,24,809.6551961,249,810.0955556,5.52E-17,0.536486083,0.843909167,-0.5,-0.866025404,1,0,6.697842805,6.698385872,0.029642248,7,-82.22222222,106.6766703,29.50493477,100,22,1,0,9,none_observed,140.3333333
23,0.600840986,0,0,42.25714286,141.2857143,10121472,76,636664,6,2,24,843.4076788,247,843.6,5.63E-17,0.840310571,0.54210529,-0.64278761,-0.766044443,1,0,6.73863541,6.738863142,0.028455989,7,-82.85714286,106.6769797,29.50493087,100,23,1,0,7,none_observed,141.2857143
24,0.540705025,0,0,40.60666667,152.1,10121472,145,636664,6,12,24,840.1840293,246,840.8311111,-2.14E-17,-0.954210171,-0.29913701,0.573576436,-0.819152044,1,0,6.734810458,6.735579413,0.02856517,7,-83.55555556,106.6772891,29.50492697,100,24,1,0,10,none_observed,152.1
25,0.492837012,0,0,40.085,161,10121472,981,636664,6,2,24,1640.885827,248,1641.4575,-4.25E-17,-0.141855132,-0.989887429,0,1,1,0,7.403600755,7.403948875,0.014626246,9,-85.5,106.6775985,29.50492307,100,25,1,0,4,none_observed,161
26,0.607496977,0,0,41.715,144.8,10121472,981,636664,6,2,24,1617.272653,252,1618.7175,-5.58E-17,0.499835408,-0.86612041,0,1,1,0,7.389114596,7.39000703,0.014839798,9,-81.75,106.6779079,29.50491916,100,26,1,0,5,none_observed,144.8
27,0.681819975,0,0,41.75333333,128.1666667,10121472,981,636664,6,2,24,1859.611069,256,1860.993333,-5.72E-17,-0.366576475,-0.930387923,0,1,1,0,7.528660244,7.529402877,0.012905924,9,-81.33333333,106.6782173,29.50491526,100,27,1,0,6,none_observed,128.1666667
28,0.705747008,0,0,41.59166667,127.1428571,10121472,61,636664,6,2,24,1839.452572,259,1840.586667,-8.72E-17,-0.80560978,-0.592446523,-0.5,-0.866025404,1,0,7.517766783,7.518382798,0.01304736,9,-80.83333333,106.6785267,29.50491135,100,28,1,0,7,none_observed,127.1428571
29,0.711113989,0,0,40.75333333,150.6666667,10121472,548,426000,6,2,3,2965.026818,259,2965.74,-1.50E-17,0.07794017,-0.996958038,-0.866025404,0.5,0,1,7.994978564,7.995218986,0.001011795,9,-83.66666667,106.6788361,29.50490744,100,29,1,0,3,none_observed,150.6666667
30,0.715941012,0,0,43.61,146.1666667,10121472,61,636664,6,12,24,733.6108523,257,734.666,-1.61E-17,-0.178909871,0.983865468,-0.5,-0.866025404,1,0,6.599340906,6.600776211,0.032714892,7,-81.2,106.6791455,29.50490354,100,30,1,0,6,none_observed,146.1666667
31,0.711283982,0,0,35.96363636,106.0714286,10121472,61,636664,6,12,24,790.8340159,255,792.6709091,-2.28E-17,-0.959634696,0.281249446,-0.5,-0.866025404,1,0,6.674351794,6.676668903,0.030347708,7,-84.36363636,106.6794549,29.50489963,100,31,1,0,14,none_observed,106.0714286
32,0.69354099,0,0,36.76142857,83.11111111,10121472,61,636664,6,12,24,785.0308177,257,787.0214286,-1.92E-17,-0.886463055,0.462799366,-0.5,-0.866025404,1,0,6.666996,6.669525283,0.030572048,7,-83.57142857,106.6797643,29.50489572,100,32,1,0,9,none_observed,83.11111111
33,0.687363029,0,0,39.404,88,10121472,61,636664,6,12,24,739.4199314,261,741.068,6.35E-18,-0.771634373,0.636066345,-0.5,-0.866025404,1,0,6.6072175,6.609440883,0.032457875,7,-80.8,106.6800736,29.50489181,100,33,1,0,7,none_observed,88
34,0.681802988,0,0,46.04333333,71,10121472,61,636664,6,12,24,701.3312921,265,702.07,1.36E-17,-0.962757997,0.27036464,-0.5,-0.866025404,1,0,6.554405219,6.55545646,0.034220632,7,-80.33333333,106.680383,29.5048879,100,34,1,0,6,none_observed,71
35,0.694993019,0,0,45.92333333,138.4,10121472,61,636664,6,12,24,708.5485918,269,709.36,2.25E-17,-0.964971378,0.26235518,-0.5,-0.866025404,1,0,6.564628982,6.565771884,0.033872059,7,-82.66666667,106.6806924,29.50488399,100,35,1,0,5,none_observed,138.4
36,0.675004005,0,0,43.3375,144.75,10116864,981,636664,6,2,24,688.8295922,275,689.48,4.81E-17,-0.635899675,-0.77177173,0,1,1,0,6.536444599,6.537387008,0.034841709,7,-78.5,106.6810018,29.50488008,100,36,1,0,4,none_observed,144.75
37,0.66741699,0,0,43.114,136.8,10121472,76,636664,6,2,24,833.5004832,279,836.01,7.14E-17,0.704640923,-0.70956407,-0.64278761,-0.766044443,1,0,6.726833322,6.729836018,0.028794224,7,-84.2,106.6813112,29.50487617,100,37,1,0,5,none_observed,136.8
38,0.642310977,0,0,41.69,132.6666667,10121472,76,636664,6,2,24,825.7059237,285,828,0.016157131,0.222381872,-0.974959642,-0.64278761,-0.766044443,1,0,6.717449038,6.720220155,0.029066038,7,-84.5,106.6816206,29.50487226,100,38,1,0,3,none_observed,132.6666667
39,0.631227016,0,0,38.63666667,126.2857143,10121472,76,636664,6,2,24,859.1803056,293,861.9466667,0.041273298,-0.197384002,0.98032625,-0.64278761,-0.766044443,1,0,6.757142025,6.760352889,0.027933601,7,-84,106.68193,29.50486834,100,39,1,0,7,none_observed,126.2857143
40,0.677841008,0.000636656,22.16182568,33.55,107,10121472,533,426000,0,4,3,3020.198513,302,3021.34,0.045134121,0.819006098,-0.573784812,-0.984807753,-0.173648178,0,1,8.01340889,8.013786645,0.000993312,9,-86,106.6822394,29.50486443,100,40,1,0,1,none_observed,107
41,0.655613005,0.066210314,22.16182568,38.65,99.4,10121472,533,426000,0,4,3,2339.743623,310,2340.95,0.045134121,-0.219946318,-0.975511977,-0.984807753,-0.173648178,0,1,7.758223945,7.758739195,0.001282192,9,-85.33333333,106.6825488,29.50486051,100,41,1,0,5,none_observed,99.4
42,0.624028981,0,0,41.47333333,98,10121472,145,636664,6,12,24,1688.726869,311,1690.003333,0.045134121,-0.982538949,-0.186057017,0.573576436,-0.819152044,1,0,7.432322179,7.43307732,0.01421189,9,-83.66666667,106.6828582,29.5048566,100,42,1,0,4,none_observed,98
43,0.626034021,0,0,39.16,103,10121472,533,426000,0,4,3,2195.15458,308,2196.38,0.02897699,-0.431533969,-0.902096688,-0.984807753,-0.173648178,0,1,7.694463192,7.695021021,0.001366646,9,-83.4,106.6831676,29.50485268,100,43,1,0,6,none_observed,103
44,0.634248972,0,0,37.46666667,107.3333333,10121472,533,426000,0,4,3,2251.45923,305,2252.913333,0.003860823,-0.351052498,-0.936355778,-0.984807753,-0.173648178,0,1,7.719777889,7.720423244,0.001332469,9,-81.66666667,106.6834769,29.50484876,100,44,1,0,3,none_observed,107.3333333
45,0.601912975,0,0,36.10375,107.75,10121472,533,426000,0,4,3,2153.14029,307,2154.6325,0.000358843,-0.48658864,-0.873631213,-0.984807753,-0.173648178,0,1,7.675146986,7.675839463,0.001393314,9,-80.375,106.6837863,29.50484485,100,45,1,0,8,none_observed,107.75
46,0.590817988,0,0,35.29428571,104.8571429,10121472,533,426000,0,4,3,2316.980071,314,2318.444286,0.000358843,-0.156872298,-0.987618895,-0.984807753,-0.173648178,0,1,7.748451426,7.749082904,0.001294789,9,-79.28571429,106.6840957,29.50484093,100,46,1,0,7,none_observed,104.8571429
47,0.571250021,0,0,33.0275,97.90909091,10121472,145,636664,6,12,24,1722.591538,320,1724.20375,0.000358843,-0.958921366,-0.283672019,0.573576436,-0.819152044,1,0,7.452165496,7.453100438,0.013932496,9,-83.875,106.6844051,29.50483701,100,47,1,0,11,none_observed,97.90909091
48,0.604547024,0,0,35.475,90.4,10121472,533,636664,6,4,24,1753.574452,325,1755.128,0.000358843,-0.934684478,-0.355478448,-0.984807753,-0.173648178,1,0,7.469981629,7.470866664,0.013686331,9,-83.8,106.6847145,29.50483309,100,48,1,0,10,none_observed,90.4
49,0.619009018,0,0,33.2025,83.125,10121472,864,636664,6,6,24,2473.547157,331,2475.9425,0.000358843,-0.73572038,-0.677285407,0.64278761,-0.766044443,1,0,7.813812691,7.814780216,0.009702665,9,-89.125,106.6850239,29.50482917,100,49,1,0,8,none_observed,83.125
50,0.630810976,0,0,36.22142857,74.55555556,10121472,864,636664,6,6,24,2197.57096,338,2199.891429,3.13E-17,-0.943880697,-0.330286587,0.64278761,-0.766044443,1,0,7.695562865,7.696617752,0.010921149,9,-88.42857143,106.6853333,29.50482525,100,50,1,0,9,none_observed,74.55555556
51,0.635254979,0,0,35.63142857,71.28571429,10121472,864,636664,6,6,24,2463.493786,343,2465.712857,0.000434068,-0.648871637,-0.760897889,0.64278761,-0.766044443,1,0,7.809741705,7.810641716,0.009742261,9,-88.14285714,106.6856427,29.50482132,100,51,1,0,7,none_observed,71.28571429
52,0.582714021,0,0,35.48333333,71,10121472,533,426000,0,4,3,2419.734216,345,2421.243333,0.004714676,0.97132147,-0.237770062,-0.984807753,-0.173648178,0,1,7.791826168,7.792449387,0.001239806,9,-88.66666667,106.6859521,29.5048174,100,52,1,0,4,none_observed,71
53,0.581727982,0,0,30.1125,72,10121472,889,636664,6,2,24,2238.701331,344,2240.37,0.004714676,0.999837486,-0.018027815,-0.766044443,-0.64278761,1,0,7.714097802,7.714842565,0.010720501,9,-92,106.6862615,29.50481348,100,53,1,0,4,none_observed,72
54,0.635809004,0.00481878,17.23544168,26.9,72.88888889,10096896,222,426000,13,13,15,6526.961261,343,6527.618333,0.004714676,-0.902254272,-0.431204394,0.5,0.866025404,0,1,8.783849962,8.783950612,0.00229816,9,-78,106.6865708,29.50480955,100,54,1,0,9,none_observed,72.88888889
55,0.684579015,0,0,25.13090909,74,10119424,438,426000,0,4,15,5064.510557,342,5069.393636,0.004714676,-0.637430746,-0.770507653,0.64278761,0.766044443,0,1,8.530210213,8.531173734,0.002961787,9,-81.09090909,106.6868802,29.50480563,100,55,1,0,11,none_observed,74
56,0.683430016,0,0,23.53333333,75.66666667,10096896,222,426000,13,13,15,10374.70117,341,10374.85833,0.004280607,-0.017815513,0.999841291,0.5,0.866025404,0,1,9.247221925,9.247237072,0.001445825,9,-91.5,106.6871896,29.5048017,100,56,1,0,6,none_observed,75.66666667
57,0.642316997,0,0,15.13,102.8888889,10121472,755,636664,0,4,24,4381.778555,339,4383.875,1.11E-17,-0.253903985,-0.967229428,-0.342020143,0.939692621,1,0,8.385438176,8.385916398,0.005477228,9,-95.125,106.687499,29.50479777,100,57,1,0,9,none_observed,102.8888889
58,0.639867008,0,0,24.72857143,109.4375,10121472,755,636664,0,4,24,2900.735137,336,2903.557857,-5.83E-18,0.759952389,-0.649978743,-0.342020143,0.939692621,1,0,7.97306416,7.974036457,0.008273765,9,-93.21428571,106.6878084,29.50479385,100,58,1,0,16,none_observed,109.4375
59,0.644922972,0,0,25.53727273,117.2727273,10121472,364,630000,6,6,24,4018.453584,331,4020.585455,-6.13E-17,-0.404235348,-0.914655008,0.173648178,-0.984807753,1,0,8.298901248,8.299431496,0.005972447,9,-95.90909091,106.6881178,29.50478992,100,59,1,0,11,none_observed,117.2727273
60,0.673272014,0,0,27.48888889,126.8888889,10121472,364,630000,6,6,24,5530.221946,320,5531.416667,-9.85E-18,-0.856208817,0.516629907,0.173648178,-0.984807753,1,0,8.618164037,8.618380009,0.00433979,9,-99.11111111,106.6884272,29.50478599,100,60,1,0,9,none_observed,126.8888889
61,0.698315024,0,0,28.28,134,10121472,364,630000,6,6,24,6032.887093,304,6033.735,-1.21E-17,-0.46388823,0.885893735,0.173648178,-0.984807753,1,0,8.705146708,8.705287222,0.003978195,9,-100.5,106.6887366,29.50478206,100,61,1,0,6,none_observed,134
62,0.699609995,0,0,20.2825,157.7692308,10121472,364,630000,6,6,24,6046.254434,288,6047.133333,-3.73E-17,-0.467680645,0.883897514,0.173648178,-0.984807753,1,0,8.707359635,8.707504963,0.0039694,9,-99.25,106.689046,29.50477813,100,62,1,0,13,none_observed,157.7692308
63,0.632269979,0,0,20.452,163.2727273,10121472,364,630000,6,6,24,6062.343712,275,6063.235,-1.82E-17,-0.470790419,0.88224508,0.173648178,-0.984807753,1,0,8.710016695,8.71016368,0.003958865,9,-98.4,106.6893553,29.5047742,100,63,1,0,11,none_observed,163.2727273
64,0.550059974,0,0,29.34,162.4,10121472,364,630000,6,6,24,4970.351566,269,4971.2475,2.56E-17,-0.999012129,0.044438337,0.173648178,-0.984807753,1,0,8.511447027,8.51162723,0.004828632,9,-96.25,106.6896647,29.50477027,100,64,1,0,5,none_observed,162.4
65,0.596026003,0,0,29.24625,165.5,10121472,364,630000,6,6,24,3870.439198,268,3871.60875,3.18E-17,-0.548789845,-0.83596035,0.173648178,-0.984807753,1,0,8.261381603,8.261683655,0.006200847,9,-93.5,106.6899741,29.50476634,100,65,1,0,8,none_observed,165.5
66,0.68710798,0,0,26.08,157.1428571,10121472,364,630000,6,6,24,3998.659777,268,3999.967143,2.32E-17,-0.79889251,-0.601473821,0.173648178,-0.984807753,1,0,8.293964581,8.294291397,0.006002011,9,-92.85714286,106.6902835,29.5047624,100,66,1,0,7,none_observed,157.1428571
67,0.661535978,0,0,27.34444444,142.2307692,10121472,364,630000,0,6,24,3317.834528,270,3319.068889,4.05E-17,-0.431759989,-0.901988532,0.173648178,-0.984807753,1,0,8.107368954,8.107740811,0.007233634,9,-90.33333333,106.6905929,29.50475847,100,67,1,0,13,none_observed,142.2307692
68,0.603507996,0,0,23.4375,134,10121472,118,636664,0,6,16,3275.192815,273,3275.6775,3.39E-17,-0.064883252,-0.997892862,-0.766044443,-0.64278761,1,0,8.0944373,8.094585231,0.004885209,9,-91.125,106.6909023,29.50475454,100,68,1,0,8,none_observed,134
69,0.631338,0,0,27.105,186.25,10121472,364,630000,6,6,24,6154.281396,262,6155.3575,1.73E-17,-0.493800158,0.869575416,0.173648178,-0.984807753,1,0,8.725065756,8.725240567,0.003899724,9,-98,106.6912117,29.5047506,100,69,1,0,4,none_observed,186.25
70,0.680828989,0,0,26.83,188.8,10121472,364,630000,6,6,24,6170.766367,261,6171.84,-4.59E-17,-0.497268708,0.867596584,0.173648178,-0.984807753,1,0,8.727740359,8.727914303,0.003889306,9,-98,106.6915211,29.50474667,100,70,1,0,5,none_observed,188.8
71,0.682821989,0,0,27.22666667,182,10121472,364,630000,6,6,24,6188.353225,268,6189.423333,-5.51E-17,-0.501318525,0.865262814,0.173648178,-0.984807753,1,0,8.730585873,8.730758753,0.003878253,9,-98,106.6918305,29.50474273,100,71,1,0,3,none_observed,182
72,0.615566015,0,0,27.2175,176.4,10121472,364,630000,6,6,24,6204.840672,276,6205.91,-6.06E-17,-0.504181589,0.863597664,0.173648178,-0.984807753,1,0,8.733246171,8.733418467,0.003867948,9,-98,106.6921398,29.50473879,100,72,1,0,5,none_observed,176.4
73,0.61640197,0,0,27.04,121.3333333,10121472,118,636664,0,6,16,3472.717436,281,3473.245714,-5.34E-17,-0.277072857,-0.960848912,-0.766044443,-0.64278761,1,0,8.152980607,8.153132674,0.004607343,9,-91.71428571,106.6924492,29.50473485,100,73,1,0,9,none_observed,121.3333333
74,0.615177989,0,0,33.99666667,120.8888889,10121472,118,636664,0,6,16,2996.220655,286,2996.851111,-2.64E-17,0.110425024,-0.993884457,-0.766044443,-0.64278761,1,0,8.00544069,8.005651015,0.005340061,9,-90.88888889,106.6927586,29.50473091,100,74,1,0,9,none_observed,120.8888889
75,0.597405016,0,0,31.175,140.25,10121472,364,630000,6,6,24,4413.693125,285,4414.52375,6.94E-18,-0.880483262,-0.474077235,0.173648178,-0.984807753,1,0,8.392693603,8.392881736,0.005437623,9,-93.125,106.693068,29.50472698,100,75,1,0,8,none_observed,140.25
76,0.691066027,0,0,25.655,140.6,10121472,364,630000,6,6,24,3791.310908,276,3791.91125,1.36E-17,-0.538257809,-0.842780239,0.173648178,-0.984807753,1,0,8.240730851,8.240889143,0.006330264,9,-91.5,106.6933774,29.50472303,100,76,1,0,10,none_observed,140.6
77,0.67376399,0,0,24.53375,145.7,10121472,364,630000,6,6,24,4410.132163,264,4410.71875,1.69E-17,-0.879196607,-0.476459156,0.173648178,-0.984807753,1,0,8.391886662,8.392019632,0.005442014,9,-92.625,106.6936868,29.50471909,100,77,1,0,10,none_observed,145.7
78,0.702677011,0,0,30.39,142,10121472,118,636664,0,6,16,3416.529538,259,3416.967143,-1.94E-18,-0.275211074,-0.961383828,-0.766044443,-0.64278761,1,0,8.136673212,8.136801251,0.004683115,9,-90.85714286,106.6939962,29.50471515,100,78,1,0,7,none_observed,142
79,0.680060029,0,0,31.472,164.2,10121472,364,630000,6,6,24,5298.914566,264,5299.602,-4.09E-18,-0.978680235,0.20538987,0.173648178,-0.984807753,1,0,8.57544598,8.575575678,0.004529229,9,-94.2,106.6943056,29.50471121,100,79,1,0,5,none_observed,164.2
80,0.622493982,0,0,31.22,119.8571429,10121472,118,636664,0,6,16,3246.699758,272,3247.114,-3.77E-18,-0.160888686,-0.986972558,-0.766044443,-0.64278761,1,0,8.085702258,8.085829799,0.004928081,9,-90.6,106.694615,29.50470727,100,80,1,0,7,none_observed,119.8571429
81,0.60226202,0,0,30.17857143,132.7142857,10121472,364,630000,6,6,24,4128.589976,278,4129.11,-8.21E-18,-0.752381115,-0.658728061,0.173648178,-0.984807753,1,0,8.325933402,8.32605932,0.005813123,9,-93.42857143,106.6949243,29.50470332,100,81,1,0,7,none_observed,132.7142857
82,0.578842998,0,0,26.17875,117.5555556,10121472,118,636664,0,6,16,3096.868578,285,3097.2575,-1.60E-17,-0.061808573,-0.998088022,-0.766044443,-0.64278761,1,0,8.038469599,8.038595136,0.005166509,9,-91.5,106.6952337,29.50469938,100,82,1,0,9,none_observed,117.5555556
83,0.594430983,0,0,24.73833333,109.125,10121472,118,636664,0,6,16,2864.514888,290,2864.88,-3.77E-18,0.103624455,-0.994616495,-0.766044443,-0.64278761,1,0,7.96050333,7.960630737,0.005585588,9,-91,106.6955431,29.50469543,100,83,1,0,8,none_observed,109.125
84,0.599429011,0,0,32.0575,146,10121472,364,630000,6,6,24,6390.951131,293,6391.7475,7.33E-18,-0.54502587,0.838419228,0.173648178,-0.984807753,1,0,8.762794842,8.762919424,0.00375531,9,-97,106.6958525,29.50469149,100,84,1,0,4,none_observed,146
85,0.649806976,0,0,30.174,98.6,10119424,438,426000,0,4,15,2742.202658,290,2743.95,1.35E-17,-0.989194451,0.146609472,0.64278761,0.766044443,0,1,7.91688137,7.917518139,0.005470055,9,-84.6,106.6961619,29.50468754,100,85,1,0,5,none_observed,98.6
86,0.695487976,0,0,28.6875,113.75,10119424,438,426000,0,4,15,3374.722329,280,3376.205,1.02E-17,-0.955713177,0.294299715,0.64278761,0.766044443,0,1,8.124364604,8.124803723,0.00444481,9,-86,106.6964713,29.50468359,100,86,1,0,8,none_observed,113.75
87,0.689631999,0,0,29.84333333,138.6666667,10121472,364,630000,6,6,24,4412.346719,271,4413.523333,0.000168253,-0.859264378,0.511531747,0.173648178,-0.984807753,1,0,8.392388574,8.392655142,0.005439282,9,-89,106.6967807,29.50467965,100,87,1,0,6,none_observed,138.6666667
88,0.670979977,0,0,30.575,121.125,10119424,438,426000,0,4,15,2407.952833,265,2409.456667,0.000168253,-0.994168762,0.107835399,0.64278761,0.766044443,0,1,7.786947423,7.787571497,0.006229358,9,-84,106.6970901,29.5046757,100,88,1,0,8,none_observed,121.125
89,0.589911997,0.004206328,9.316703676,29.16666667,133,10121472,364,630000,6,6,24,4455.641753,260,4456.698333,0.000168253,-0.850877735,0.52536376,0.173648178,-0.984807753,1,0,8.402150791,8.402387843,0.005386429,9,-90.66666667,106.6973994,29.50467175,100,89,1,0,8,none_observed,133
90,0.583415985,0,0,29.188,134.8333333,10119424,438,426000,0,4,15,2859.159904,255,2860.374,0.000168253,-0.975043682,0.222013105,0.64278761,0.766044443,0,1,7.958632813,7.959057208,0.005246296,9,-86.6,106.6977088,29.5046678,100,90,1,0,6,none_observed,134.8333333
91,0.634754002,0,0,23.81222222,151.1111111,10121472,364,630000,6,6,24,4496.392557,249,4497.267778,0.000168253,-0.847772043,0.530360786,0.173648178,-0.984807753,1,0,8.411253076,8.411447663,0.005337612,9,-89.88888889,106.6980182,29.50466385,100,91,1,0,9,none_observed,151.1111111
92,0.689677,0,0,22,148.7,10121472,364,630000,6,6,24,4518.531392,244,4519.308889,1.28E-17,-0.846290892,0.532721058,0.173648178,-0.984807753,1,0,8.416163593,8.416335609,0.00531146,9,-89.66666667,106.6983276,29.50465989,100,92,1,0,10,none_observed,148.7
93,0.708950996,0,0,30.215,129.3333333,10119424,438,426000,0,4,15,2532.415561,239,2533.37,1.28E-17,-0.98569364,0.168546873,0.64278761,0.766044443,0,1,7.837323695,7.837700364,0.005923198,9,-82.33333333,106.698637,29.50465594,100,93,1,0,6,none_observed,129.3333333
94,0.696476996,0,0,35.876,137.8333333,10121472,364,630000,6,6,24,4424.970241,237,4425.378,9.51E-18,-0.992626335,0.121214517,0.173648178,-0.984807753,1,0,8.395244797,8.395336921,0.005423765,9,-93.4,106.6989464,29.50465199,100,94,1,0,6,none_observed,137.8333333
95,0.664142013,0,0,36.12142857,140,10121472,364,630000,0,6,24,3990.855052,236,3991.154286,6.90E-18,-0.299957114,-0.953952687,0.173648178,-0.984807753,1,0,8.292011327,8.292086285,0.006013749,9,-95.42857143,106.6992558,29.50464804,100,95,1,0,7,none_observed,140
96,0.627362013,0,0,34.94333333,143.8,10121472,531,630000,0,6,24,3556.350056,236,3556.646667,7.98E-19,0.065718065,-0.997838231,0.5,0.866025404,1,0,8.17677118,8.176854557,0.006748492,9,-94,106.6995652,29.50464408,100,96,1,0,5,none_observed,143.8
97,0.670243025,0,0,20.923,137.25,10121472,117,630000,0,6,24,2408.265271,237,2408.978,1.02E-17,0.874003334,-0.485919924,-0.766044443,-0.64278761,1,0,7.787077113,7.787372898,0.00996568,9,-94.2,106.6998745,29.50464013,100,97,1,0,12,none_observed,137.25
98,0.727768004,0,0,28.12833333,134,10119424,438,426000,0,4,15,1414.228269,239,1415.251667,4.89E-18,0.434346656,-0.900745792,0.64278761,0.766044443,0,1,7.255046118,7.255768989,0.010606491,9,-91.5,106.7001839,29.50463617,100,98,1,0,7,none_observed,134
99,0.721203983,0,0,20.13363636,128,10121472,438,630000,0,6,24,1483.88186,242,1484.878182,8.22E-18,0.578466525,-0.815706123,-0.766044443,-0.64278761,1,0,7.303090493,7.303761245,0.016173794,9,-94.45454545,106.7004933,29.50463221,100,99,1,0,12,none_observed,128
100,0.687825978,0,0,18.45,126.8333333,10121472,291,630000,0,6,24,1994.916945,246,1995.477,8.22E-18,0.999461027,-0.032827666,-0.766044443,-0.64278761,1,0,7.598858845,7.599139406,0.012030576,9,-93.2,106.7008027,29.50462826,100,100,1,0,12,none_observed,126.8333333
