ID,TIME(BeiJing),LATITUDE,LONGITUDE,ACCURACY(M),SPEED(M/s),IS_OUTDOOR,MCC,MNC,NETWORK_TYPE,NCI,GNODEB,GCELLID,NR_TAC,NR_ARFCN,NR_BAND,NR_PCI,SS_RSRP,SS_RSRQ,SS_SINR,source_file
14593,20250606 12:04:55.935,29.52882676,106.6881555,3,39.85,1,460,1,SA,41340817665,10092973,257,10121472,633984,N78,401,-70,-13,4,33Thirty-Third_UAV_collection-DT-20250606105444ms2.csv
3279,20250524 16:07:58.295,29.52523064,106.6923854,3,45.58,1,460,1,SA,41340338432,10092856,256,10121472,633984,N78,444,-63,-11,8,33Seventh_UAV_collection-DT-20250524152047ms2.csv
36049,20250603 20:03:16.189,29.52307921,106.6715789,3,45.32,1,460,1,SA,41340322051,10092852,259,10121472,633984,N78,884,-83,-18,-4,33Thirtieth_UAV_collection-DT-20250603191432ms2.csv
32099,20250606 17:59:08.698,29.53015309,106.6733086,3,40.21,1,460,1,SA,41342058752,10093276,256,10121472,633984,N78,467,-83,-17,-6,33Thirty-Fourth_UAV_collection-DT-20250606172119ms2.csv
29257,20250607 16:41:34.625,29.50784055,106.6953916,3,0,1,460,1,SA,41339986178,10092770,258,10121472,633984,N78,755,-101,-14,3,33Thirty-Sixth_UAV_collection-DT-20250607160740ms2.csv
18290,20250605 18:41:57.219,29.53126906,106.7008414,3,27.04,1,460,1,SA,41340338436,10092856,260,10121472,633984,N78,556,-88,-18,-4,33Thirty-Second_UAV_collection-DT-20250605183226ms2.csv
13435,20250606 11:38:25.300,29.53118256,106.6877535,3,0,1,460,1,SA,41340813572,10092972,260,10121472,633984,N78,828,-52,-11,19,33Thirty-Third_UAV_collection-DT-20250606105444ms2.csv
71483,20250528 11:41:26.007,29.52601625,106.6852117,3,37.37,1,460,1,SA,41340809600,10092971,384,10121472,633984,N78,188,-66,-11,6,33Fifteenth_UAV_collection-DT-20250528112816ms2.csv
11396,20250606 10:57:59.269,29.5313476,106.6893601,3,38.52,1,460,1,SA,41340817665,10092973,257,10121472,633984,N78,401,-80,-18,-3,33Thirty-Third_UAV_collection-DT-20250606105444ms2.csv
77398,20250524 11:35:31.166,29.52322899,106.6991391,3,25.31,1,460,1,SA,41340100865,10092798,257,10121472,633984,N78,502,-101,-12,4,33Fourth_UAV_collection-DT-20250524113256ms2.csv
55303,20250530 18:26:16.056,29.51182259,106.6967509,3,0,1,460,1,SA,41339506949,10092653,261,10121472,633984,N78,300,-74,-13,0,33Twenty-Sixth_UAV_collection-DT-20250530175456ms2.csv
4166,20250604 17:09:00.964,29.52290854,106.6745735,3,26.93,1,460,1,SA,41339216129,10092582,257,10121472,633984,N78,623,-81,-17,4,33Thirty-First_UAV_collection-DT-20250604165431ms2.csv
3906,20250604 17:02:23.568,29.51920365,106.6747791,3,27,1,460,1,SA,41340322051,10092852,259,10121472,633984,N78,884,-72,-14,0,33Thirty-First_UAV_collection-DT-20250604165431ms2.csv
12281,20250606 11:12:55.923,29.52962408,106.6917149,3,27.79,1,460,1,SA,41339924736,10092755,256,10121472,633984,N78,72,-67,-12,17,33Thirty-Third_UAV_collection-DT-20250606105444ms2.csv
28658,20250607 16:31:16.903,29.5047848,106.699625,3,29.02,1,460,1,SA,41340059653,10092788,5,10121472,627264,N78,291,-98,-12,7,33Thirty-Sixth_UAV_collection-DT-20250607160740ms2.csv
30496,20250606 17:24:06.160,29.53226294,106.6719104,3,34.63,1,460,1,SA,41339355397,10092616,261,10121472,633984,N78,116,-73,-13,-4,33Thirty-Fourth_UAV_collection-DT-20250606172119ms2.csv
66238,20250528 19:01:42.285,29.52474619,106.6812198,3,24.52,1,460,1,SA,41340813570,10092972,258,10121472,633984,N78,152,-61,-12,14,33Seventeenth_UAV_collection-DT-20250528185928ms2.csv
78908,20251114 11:59:26.659,29.51866428,106.6952733,3,0,1,460,1,SA,41342247177,10093322,265,10121472,633984,N78,342,-79,-11,9,33Ground_collect751.csv
3479,20250524 16:11:23.061,29.52003655,106.6836454,3,39.02,1,460,1,SA,41340821762,10092974,258,10121472,633984,N78,160,-61,-11,20,33Seventh_UAV_collection-DT-20250524152047ms2.csv
73564,20250529 13:35:28.415,29.51673815,106.6803028,3,48.67,1,460,1,SA,41340612868,10092923,260,10121472,633984,N78,1006,-78,-15,0,33Eighteenth_UAV_collection-DT-20250529125837ms2.csv
26063,20250609 11:14:52.836,29.50968453,106.6854151,3,43.92,1,460,1,SA,41340817671,10092973,263,10121472,633984,N78,655,-98,-13,-7,33Thirty-Eighth_UAV_collection-DT-20250609104912ms2.csv
71427,20250528 11:40:28.575,29.52563599,106.6854321,3,26.1,1,460,1,SA,41340809600,10092971,384,10121472,633984,N78,188,-62,-11,14,33Fifteenth_UAV_collection-DT-20250528112816ms2.csv
54988,20250530 18:19:21.459,29.51211297,106.6988625,3,33.98,1,460,1,SA,41339506948,10092653,260,10121472,633984,N78,301,-68,-14,0,33Twenty-Sixth_UAV_collection-DT-20250530175456ms2.csv
28894,20250607 16:35:18.266,29.50481555,106.6932304,3,32.69,1,460,1,SA,41339785483,10092721,267,10121472,633984,N78,118,-87,-14,0,33Thirty-Sixth_UAV_collection-DT-20250607160740ms2.csv
58879,20250530 10:29:37.003,29.51048659,106.6740677,3,0,1,460,1,SA,41341288704,10093088,256,10116864,633984,N78,386,-86,-13,4,33Twenty-Fourth_UAV_collection-DT-20250530092351ms2.csv
77237,20250525 12:48:20.663,29.52288339,106.6953877,3,34.67,1,460,1,SA,41340809475,10092971,259,10121472,633984,N78,528,-72,-12,5,33Tenth_UAV_collection-DT-20250525122813ms2.csv
36464,20250603 20:19:01.982,29.52078951,106.6719011,3,0,1,460,1,SA,41342534787,10093392,1155,10121472,428910,N1,666,-101,-13,4,33Thirtieth_UAV_collection-DT-20250603191432ms2.csv
852,20250524 15:21:36.737,29.521372,106.6977647,3,13.03,1,460,1,SA,41339568512,10092668,384,10121472,633984,N78,777,-85,-13,20,33Seventh_UAV_collection-DT-20250524152047ms2.csv
20927,20250605 19:38:06.200,29.52898232,106.6975568,3,10.22,1,460,1,SA,41339994368,10092772,256,10121472,633984,N78,540,-77,-11,12,33Thirty-Second_UAV_collection-DT-20250605183226ms2.csv
55393,20250530 18:29:12.035,29.51182259,106.6967509,3,0,1,460,1,SA,41339506949,10092653,261,10121472,633984,N78,300,-76,-13,1,33Twenty-Sixth_UAV_collection-DT-20250530175456ms2.csv
44598,20250531 07:55:45.973,29.51051973,106.7000327,3,25.96,1,460,1,SA,41339986178,10092770,258,10121472,633984,N78,755,-81,-15,3,33Twenty-Seventh_UAV_collection-DT-20250531073332ms2.csv
36422,20250603 20:17:00.224,29.52078951,106.6719001,3,0,1,460,1,SA,41342534787,10093392,1155,10121472,428910,N1,666,-101,-13,3,33Thirtieth_UAV_collection-DT-20250603191432ms2.csv
20380,20250605 19:25:39.233,29.52762631,106.6984855,3,26.71,1,460,1,SA,41340100866,10092798,258,10121472,633984,N78,503,-71,-12,6,33Thirty-Second_UAV_collection-DT-20250605183226ms2.csv
28222,20250607 16:23:49.126,29.50789533,106.6955093,3,9,1,460,1,SA,41339196419,10092577,1027,10121472,428910,N1,531,-84,-18,-4,33Thirty-Sixth_UAV_collection-DT-20250607160740ms2.csv
44119,20250531 07:44:02.952,29.51184121,106.6940359,3,35.89,1,460,1,SA,41339506948,10092653,260,10121472,633984,N78,301,-85,-15,-10,33Twenty-Seventh_UAV_collection-DT-20250531073332ms2.csv
13397,20250606 11:37:31.167,29.53033936,106.6880477,3,40.03,1,460,1,SA,41339998465,10092773,257,10121472,633984,N78,544,-80,-17,-8,33Thirty-Third_UAV_collection-DT-20250606105444ms2.csv
12157,20250606 11:10:50.273,29.52962286,106.6941346,3,23.44,1,460,1,SA,41339994370,10092772,258,10121472,633984,N78,542,-71,-12,6,33Thirty-Third_UAV_collection-DT-20250606105444ms2.csv
49798,20250603 15:36:52.692,29.52037691,106.7037051,3,37.55,1,460,1,SA,41339941125,10092759,261,10121472,633984,N78,86,-83,-11,19,33Twenty-Ninth_UAV_collection-DT-20250603140533ms2.csv
12677,20250606 11:20:45.398,29.5290897,106.6909171,3,36.32,1,460,1,SA,41339924736,10092755,256,10121472,633984,N78,72,-66,-12,-1,33Thirty-Third_UAV_collection-DT-20250606105444ms2.csv
47053,20250603 14:24:44.675,29.50772962,106.6767473,3,43.24,1,460,1,SA,41339670788,10092693,260,10121472,633984,N78,244,-85,-15,-1,33Twenty-Ninth_UAV_collection-DT-20250603140533ms2.csv
45083,20250531 08:06:41.949,29.51079086,106.6904933,3,44.89,1,460,1,SA,41339986177,10092770,257,10121472,633984,N78,889,-77,-12,6,33Twenty-Seventh_UAV_collection-DT-20250531073332ms2.csv
79132,20251114 12:03:57.365,29.523691,106.6897086,3,33.34,1,460,1,SA,41340817670,10092973,262,10121472,633984,N78,656,-78,-14,0,33Ground_collect975.csv
34672,20250603 19:31:07.197,29.51667182,106.6726094,3,44.78,1,460,1,SA,41340322053,10092852,261,10121472,633984,N78,888,-76,-14,-7,33Thirtieth_UAV_collection-DT-20250603191432ms2.csv
5696,20250604 17:47:39.485,29.52330365,106.6781096,3,0,1,460,1,SA,41339216129,10092582,257,10121472,633984,N78,623,-53,-11,23,33Thirty-First_UAV_collection-DT-20250604165431ms2.csv
60218,20250529 18:52:09.407,29.50957882,106.6809854,3,38.52,1,460,1,SA,41340612865,10092923,257,10121472,633984,N78,76,-81,-13,2,33Twentieth_UAV_collection-DT-20250529184204ms2.csv
70285,20250525 18:42:43.971,29.52303782,106.6871855,3,40.93,1,460,1,SA,41340817664,10092973,256,10121472,633984,N78,119,-68,-11,11,33Twelfth_UAV_collection-DT-20250525182705ms2.csv
16362,20250609 12:00:48.241,29.50497382,106.6809517,3,49.9,1,460,1,SA,41339666689,10092692,257,10121472,633984,N78,61,-86,-20,-8,33Thirty-Ninth_UAV_collection-DT-20250609114511ms2.csv
49616,20250603 15:32:49.992,29.50829094,106.6904695,3,26.28,1,460,1,SA,41342964736,10093497,1024,10119424,428910,N1,438,-107,-16,-4,33Twenty-Ninth_UAV_collection-DT-20250603140533ms2.csv
10329,20250608 12:21:27.022,29.50902783,106.6843162,3,18.29,1,460,1,SA,41340612864,10092923,256,10121472,633984,N78,75,-84,-15,-4,33Thirty-Seventh_UAV_collection-DT-20250608112653ms2.csv
72358,20250529 13:08:02.297,29.51171818,106.6745383,3,30.85,1,460,1,SA,41339670789,10092693,261,10121472,633984,N78,245,-81,-11,2,33Eighteenth_UAV_collection-DT-20250529125837ms2.csv
38428,20250603 21:44:38.261,29.52078651,106.6719011,3,0,1,460,1,SA,41342534787,10093392,1155,10121472,428910,N1,666,-101,-13,3,33Thirtieth_UAV_collection-DT-20250603191432ms2.csv
81071,20251114 12:48:28.994,29.50631001,106.6821503,3,0,1,460,1,SA,41342238979,10093320,259,10116864,633984,N78,21,-93,-13,0,33Ground_collect2914.csv
47401,20250603 14:34:12.188,29.50745483,106.6825222,3,0,1,460,1,SA,41339908356,10092751,260,10121472,633984,N78,145,-86,-15,2,33Twenty-Ninth_UAV_collection-DT-20250603140533ms2.csv
75675,20250528 16:30:33.060,29.51975862,106.6783491,3,44.14,1,460,1,SA,41340322050,10092852,258,10121472,633984,N78,392,-61,-12,8,33Sixteenth_UAV_collection-DT-20250528161135ms2.csv
25204,20250609 10:55:29.945,29.50906303,106.683661,3,35.86,1,460,1,SA,41340612865,10092923,257,10121472,633984,N78,76,-85,-15,-1,33Thirty-Eighth_UAV_collection-DT-20250609104912ms2.csv
9117,20250608 11:54:11.571,29.50666955,106.6850034,3,28.94,1,460,1,SA,41340612872,10092923,264,10121472,633984,N78,328,-87,-17,-11,33Thirty-Seventh_UAV_collection-DT-20250608112653ms2.csv
6007,20250604 17:56:29.055,29.52467243,106.6716496,3,25.52,1,460,1,SA,41340018944,10092778,256,10121472,633984,N78,534,-76,-14,4,33Thirty-First_UAV_collection-DT-20250604165431ms2.csv
29872,20250607 16:52:11.462,29.50554993,106.6894425,3,19.73,1,460,1,SA,41340612871,10092923,263,10121472,633984,N78,329,-90,-19,-9,33Thirty-Sixth_UAV_collection-DT-20250607160740ms2.csv
37931,20250603 21:23:20.283,29.52078451,106.6719001,3,0,1,460,1,SA,41342534787,10093392,1155,10121472,428910,N1,666,-100,-13,4,33Thirtieth_UAV_collection-DT-20250603191432ms2.csv
10459,20250608 12:23:53.950,29.50916638,106.6866987,3,36.11,1,460,1,SA,41340612864,10092923,256,10121472,633984,N78,75,-83,-15,-2,33Thirty-Seventh_UAV_collection-DT-20250608112653ms2.csv
30513,20250606 17:24:27.782,29.53218572,106.6741312,3,32.4,1,460,1,SA,41339932934,10092757,262,10121472,633984,N78,423,-75,-16,-1,33Thirty-Fourth_UAV_collection-DT-20250606172119ms2.csv
13239,20250606 11:33:25.355,29.52698402,106.6946494,3,27.18,1,460,1,SA,41340809476,10092971,260,10121472,633984,N78,529,-78,-14,1,33Thirty-Third_UAV_collection-DT-20250606105444ms2.csv
49824,20250603 15:37:27.130,29.5223692,106.7056284,3,33.8,1,460,1,SA,41340100864,10092798,256,10121472,633984,N78,501,-79,-11,13,33Twenty-Ninth_UAV_collection-DT-20250603140533ms2.csv
36435,20250603 20:17:43.197,29.52078951,106.6719001,3,0,1,460,1,SA,41342534787,10093392,1155,10121472,428910,N1,666,-99,-12,4,33Thirtieth_UAV_collection-DT-20250603191432ms2.csv
59430,20250530 10:42:51.095,29.50731599,106.6792813,3,47.23,1,460,1,SA,41339666689,10092692,257,10121472,633984,N78,61,-77,-12,7,33Twenty-Fourth_UAV_collection-DT-20250530092351ms2.csv
47820,20250603 14:44:42.366,29.50803816,106.6732581,3,46.58,1,460,1,SA,41339666689,10092692,257,10121472,633984,N78,61,-73,-12,5,33Twenty-Ninth_UAV_collection-DT-20250603140533ms2.csv
21320,20250605 19:46:54.329,29.52587084,106.6973814,3,7.74,1,460,1,SA,41340809475,10092971,259,10121472,633984,N78,528,-77,-12,0,33Thirty-Second_UAV_collection-DT-20250605183226ms2.csv
48521,20250603 15:06:15.970,29.50923442,106.6981046,3,0,1,460,1,SA,41340612871,10092923,263,10121472,633984,N78,329,-82,-12,5,33Twenty-Ninth_UAV_collection-DT-20250603140533ms2.csv
46567,20250603 14:11:39.660,29.50738925,106.6817763,3,48.13,1,460,1,SA,41340612864,10092923,256,10121472,633984,N78,75,-85,-15,-2,33Twenty-Ninth_UAV_collection-DT-20250603140533ms2.csv
27461,20250607 16:10:45.011,29.50419716,106.6924535,3,49.97,1,460,1,SA,41339986178,10092770,258,10121472,633984,N78,755,-88,-16,-4,33Thirty-Sixth_UAV_collection-DT-20250607160740ms2.csv
34994,20250603 19:39:00.362,29.51420961,106.6732477,3,51.7,1,460,1,SA,41339670789,10092693,261,10121472,633984,N78,245,-80,-15,-1,33Thirtieth_UAV_collection-DT-20250603191432ms2.csv
9359,20250608 11:59:04.247,29.50719244,106.6838606,3,33.37,1,460,1,SA,41339986178,10092770,258,10121472,633984,N78,755,-89,-17,-4,33Thirty-Seventh_UAV_collection-DT-20250608112653ms2.csv
79841,20251114 12:20:22.393,29.52381161,106.6753951,3,37.15,1,460,1,SA,41339216130,10092582,258,10121472,633984,N78,622,-62,-11,5,33Ground_collect1684.csv
22432,20250607 11:00:10.310,29.50839796,106.6992049,3,25.88,1,460,1,SA,41339986177,10092770,257,10121472,633984,N78,889,-88,-15,5,33Thirty-Fifth_UAV_collection-DT-20250607104611ms2.csv
70011,20250525 18:35:59.633,29.5235157,106.6887971,3,30.06,1,460,1,SA,41340821763,10092974,259,10121472,633984,N78,483,-73,-12,-5,33Twelfth_UAV_collection-DT-20250525182705ms2.csv
32088,20250606 17:58:56.679,29.53019005,106.6722775,3,19.8,1,460,1,SA,41342058752,10093276,256,10121472,633984,N78,467,-78,-18,-5,33Thirty-Fourth_UAV_collection-DT-20250606172119ms2.csv
21418,20250605 19:49:08.210,29.52583858,106.6963521,3,21.42,1,460,1,SA,41340809475,10092971,259,10121472,633984,N78,528,-77,-14,2,33Thirty-Second_UAV_collection-DT-20250605183226ms2.csv
60590,20250529 19:00:46.009,29.51394041,106.6839798,3,12.71,1,460,1,SA,41340612872,10092923,264,10121472,633984,N78,328,-69,-12,7,33Twentieth_UAV_collection-DT-20250529184204ms2.csv
49736,20250603 15:35:30.709,29.51488514,106.7005242,3,24.88,1,460,1,SA,41339986177,10092770,257,10121472,633984,N78,889,-76,-11,19,33Twenty-Ninth_UAV_collection-DT-20250603140533ms2.csv
35383,20250603 19:47:36.233,29.51427719,106.6755493,3,43.24,1,460,1,SA,41339908354,10092751,258,10121472,633984,N78,770,-79,-13,4,33Thirtieth_UAV_collection-DT-20250603191432ms2.csv
73001,20250529 13:23:03.310,29.51583539,106.6782596,3,53.86,1,460,1,SA,41339670784,10092693,256,10121472,633984,N78,393,-72,-13,0,33Eighteenth_UAV_collection-DT-20250529125837ms2.csv
28786,20250607 16:33:27.512,29.50515905,106.6975512,3,31.25,1,460,1,SA,41339785483,10092721,267,10121472,633984,N78,118,-89,-14,-2,33Thirty-Sixth_UAV_collection-DT-20250607160740ms2.csv
42505,20250524 20:09:04.521,29.51506521,106.6955917,3,47.3,1,460,1,SA,41339986177,10092770,257,10121472,633984,N78,889,-76,-12,7,33Ninth_UAV_collection-DT-20250524195528ms2.csv
7332,20250604 18:25:44.237,29.52736164,106.6772667,3,33.73,1,460,1,SA,41340322051,10092852,259,10121472,633984,N78,884,-92,-20,-20,33Thirty-First_UAV_collection-DT-20250604165431ms2.csv
30022,20250607 16:54:49.078,29.50569795,106.7011602,3,16.85,1,460,1,SA,41339785483,10092721,267,10121472,633984,N78,118,-84,-13,3,33Thirty-Sixth_UAV_collection-DT-20250607160740ms2.csv
4208,20250604 17:10:08.523,29.52124601,106.6741548,3,28.4,1,460,1,SA,41339216129,10092582,257,10121472,633984,N78,623,-63,-11,5,33Thirty-First_UAV_collection-DT-20250604165431ms2.csv
41348,20250523 21:03:05.247,29.52002027,106.7003792,3,0,1,460,1,SA,41340100865,10092798,257,10121472,633984,N78,502,-84,-11,20,33Third_UAV_collection-DT-20250523205421ms2.csv
52582,20250530 15:34:34.241,29.51033256,106.6820234,3,45.79,1,460,1,SA,41340612865,10092923,257,10121472,633984,N78,76,-74,-13,8,33Twenty-Fifth_UAV_collection-DT-20250530145732ms2.csv
35094,20250603 19:41:11.460,29.51347706,106.6736945,3,52.99,1,460,1,SA,41339670789,10092693,261,10121472,633984,N78,245,-84,-18,-10,33Thirtieth_UAV_collection-DT-20250603191432ms2.csv
8676,20250608 11:44:23.938,29.5065116,106.6738834,3,24.77,1,460,1,SA,41339908356,10092751,260,10121472,633984,N78,145,-99,-13,6,33Thirty-Seventh_UAV_collection-DT-20250608112653ms2.csv
27654,20250607 16:14:03.340,29.50421335,106.6952342,3,18.07,1,460,1,SA,41339785478,10092721,262,10121472,633984,N78,129,-96,-14,-2,33Thirty-Sixth_UAV_collection-DT-20250607160740ms2.csv
74342,20250529 13:53:38.727,29.50970799,106.6798076,3,28.12,1,460,1,SA,41340612865,10092923,257,10121472,633984,N78,76,-63,-11,23,33Eighteenth_UAV_collection-DT-20250529125837ms2.csv
41246,20250523 20:59:38.053,29.52155389,106.6977837,11,0,1,460,1,SA,41339568512,10092668,384,10121472,633984,N78,777,-73,-11,27,33Third_UAV_collection-DT-20250523205421ms2.csv
27870,20250607 16:17:46.227,29.50445087,106.6880712,3,18.07,1,460,1,SA,41339196421,10092577,1029,10121472,428910,N1,533,-82,-15,0,33Thirty-Sixth_UAV_collection-DT-20250607160740ms2.csv
65436,20250525 15:43:42.363,29.52644568,106.6909522,3,42.8,1,460,1,SA,41340809477,10092971,261,10121472,633984,N78,530,-62,-11,13,33Eleventh_UAV_collection-DT-20250525153407ms2.csv
51857,20250530 15:14:09.134,29.51217153,106.6875811,3,31.07,1,460,1,SA,41340612871,10092923,263,10121472,633984,N78,329,-85,-13,6,33Twenty-Fifth_UAV_collection-DT-20250530145732ms2.csv
60143,20250529 18:50:34.366,29.51708243,106.6827411,3,47.41,1,460,1,SA,41339666691,10092692,259,10121472,633984,N78,108,-64,-13,6,33Twentieth_UAV_collection-DT-20250529184204ms2.csv
18727,20250605 18:49:20.402,29.53047449,106.7007706,3,35.24,1,460,1,SA,41340100866,10092798,258,10121472,633984,N78,503,-78,-11,9,33Thirty-Second_UAV_collection-DT-20250605183226ms2.csv
34719,20250603 19:32:18.268,29.51063384,106.6723365,3,26.68,1,460,1,SA,41339670788,10092693,260,10121472,633984,N78,244,-75,-12,6,33Thirtieth_UAV_collection-DT-20250603191432ms2.csv
18302,20250605 18:42:09.328,29.53125866,106.7017302,3,15.7,1,460,1,SA,41339994368,10092772,256,10121472,633984,N78,540,-79,-13,1,33Thirty-Second_UAV_collection-DT-20250605183226ms2.csv
32326,20250606 18:03:41.861,29.5298525,106.6737564,3,30.92,1,460,1,SA,41340334339,10092855,259,10121472,633984,N78,102,-70,-13,3,33Thirty-Fourth_UAV_collection-DT-20250606172119ms2.csv
73580,20250529 13:35:50.048,29.51743782,106.6808582,3,40,1,460,1,SA,41339666693,10092692,261,10121472,633984,N78,110,-70,-14,1,33Eighteenth_UAV_collection-DT-20250529125837ms2.csv
70645,20250525 18:53:34.533,29.5247651,106.6883034,3,4.93,1,460,1,SA,41340821764,10092974,260,10121472,633984,N78,484,-74,-11,13,33Twelfth_UAV_collection-DT-20250525182705ms2.csv
34439,20250603 19:26:04.971,29.51204776,106.6715486,3,42.95,1,460,1,SA,41339670789,10092693,261,10121472,633984,N78,245,-76,-12,6,33Thirtieth_UAV_collection-DT-20250603191432ms2.csv
76623,20250525 12:33:25.176,29.52390179,106.6914659,3,38.7,1,460,1,SA,41340821764,10092974,260,10121472,633984,N78,484,-60,-11,19,33Tenth_UAV_collection-DT-20250525122813ms2.csv
56156,20250530 09:25:12.020,29.5100139,106.6734813,3,43.78,1,460,1,SA,41339670787,10092693,259,10121472,633984,N78,243,-73,-11,15,33Twenty-Fourth_UAV_collection-DT-20250530092351ms2.csv
76485,20250525 12:30:02.654,29.52324043,106.6918161,3,25.74,1,460,1,SA,41340821764,10092974,260,10121472,633984,N78,484,-69,-11,19,33Tenth_UAV_collection-DT-20250525122813ms2.csv
52351,20250530 15:28:22.010,29.51198439,106.6849692,3,26.21,1,460,1,SA,41340612872,10092923,264,10121472,633984,N78,328,-84,-14,0,33Twenty-Fifth_UAV_collection-DT-20250530145732ms2.csv
47448,20250603 14:35:34.380,29.50611295,106.6816886,3,9.83,1,460,1,SA,41339506944,10092653,256,10116864,633984,N78,981,-79,-12,5,33Twenty-Ninth_UAV_collection-DT-20250603140533ms2.csv
28747,20250607 16:32:47.855,29.50484069,106.6978475,3,0,1,460,1,SA,41339785478,10092721,262,10121472,633984,N78,129,-88,-14,1,33Thirty-Sixth_UAV_collection-DT-20250607160740ms2.csv
18132,20250605 18:39:16.792,29.53158259,106.7004374,3,21.78,1,460,1,SA,41339924736,10092755,256,10121472,633984,N78,72,-81,-17,-3,33Thirty-Second_UAV_collection-DT-20250605183226ms2.csv
66785,20250528 19:11:03.601,29.52249085,106.678703,3,36.07,1,460,1,SA,41340322050,10092852,258,10121472,633984,N78,392,-63,-12,9,33Seventeenth_UAV_collection-DT-20250528185928ms2.csv
64687,20250524 14:33:08.685,29.5215518,106.6954606,3,45.04,1,460,1,SA,41340612870,10092923,262,10121472,633984,N78,327,-81,-13,4,33Sixth_UAV_collection-DT-20250524141922ms2.csv
11916,20250606 11:06:46.003,29.53029333,106.6914277,3,23.44,1,460,1,SA,41339924736,10092755,256,10121472,633984,N78,72,-60,-11,17,33Thirty-Third_UAV_collection-DT-20250606105444ms2.csv
6176,20250604 18:00:11.052,29.5248745,106.6741875,3,41,1,460,1,SA,41340018944,10092778,256,10121472,633984,N78,534,-75,-14,3,33Thirty-First_UAV_collection-DT-20250604165431ms2.csv
14372,20250606 12:00:25.017,29.52944781,106.6885424,3,23.4,1,460,1,SA,41339924738,10092755,258,10121472,633984,N78,74,-70,-13,3,33Thirty-Third_UAV_collection-DT-20250606105444ms2.csv
20034,20250605 19:17:37.289,29.52815254,106.7000575,3,26.5,1,460,1,SA,41340100866,10092798,258,10121472,633984,N78,503,-76,-13,6,33Thirty-Second_UAV_collection-DT-20250605183226ms2.csv
20970,20250605 19:39:06.319,29.5268186,106.6955161,3,40.68,1,460,1,SA,41340809475,10092971,259,10121472,633984,N78,528,-78,-15,2,33Thirty-Second_UAV_collection-DT-20250605183226ms2.csv
55334,20250530 18:27:11.557,29.51182259,106.6967509,3,0,1,460,1,SA,41339506949,10092653,261,10121472,633984,N78,300,-75,-13,1,33Twenty-Sixth_UAV_collection-DT-20250530175456ms2.csv
78173,20251114 10:40:00.031,29.5171686,106.6966289,3,0,1,460,1,SA,41340100865,10092798,257,10121472,633984,N78,502,-78,-12,8,33Ground_collect16.csv
8327,20250608 11:37:28.832,29.50572387,106.6866749,3,26.71,1,460,1,SA,41339196421,10092577,1029,10121472,428910,N1,533,-87,-17,-3,33Thirty-Seventh_UAV_collection-DT-20250608112653ms2.csv
50433,20250529 19:59:12.996,29.51630218,106.6884914,3,45.36,1,460,1,SA,41340891394,10092991,258,10121472,633984,N78,396,-74,-12,6,33Twenty-Second_UAV_collection-DT-20250529194956ms2.csv
50020,20250603 15:43:04.940,29.52238279,106.6994734,75,0,1,460,1,SA,41339568512,10092668,384,10121472,633984,N78,777,-107,-11,8,33Twenty-Ninth_UAV_collection-DT-20250603140533ms2.csv
78105,20250524 11:54:52.102,29.52114163,106.6974426,3,24.3,1,460,1,SA,41340817670,10092973,262,10121472,633984,N78,656,-95,-17,-14,33Fourth_UAV_collection-DT-20250524113256ms2.csv
61349,20250523 14:50:16.807,29.50138357,106.6970009,3,12.09,1,460,1,SA,41342964737,10093497,1025,10119424,428910,N1,84,-75,-11,21,33Second_UAV_collection-DT-20250523143806ms2.csv
69353,20250529 15:23:18.649,29.52560314,106.6773675,3,1.01,1,460,1,SA,41340322051,10092852,259,10121472,633984,N78,884,-76,-13,1,33Nineteenth_UAV_collection-DT-20250529151022ms2.csv
32954,20250606 18:16:44.449,29.52897901,106.6793677,3,33.7,1,460,1,SA,41340518659,10092900,259,10121472,633984,N78,820,-80,-17,1,33Thirty-Fourth_UAV_collection-DT-20250606172119ms2.csv
72513,20250529 13:11:23.018,29.51730539,106.6774149,3,39.71,1,460,1,SA,41340813569,10092972,257,10121472,633984,N78,150,-83,-14,8,33Eighteenth_UAV_collection-DT-20250529125837ms2.csv
1505,20250524 15:33:23.374,29.53027796,106.6882791,3,30.85,1,460,1,SA,41340813571,10092972,259,10121472,633984,N78,412,-64,-11,20,33Seventh_UAV_collection-DT-20250524152047ms2.csv
15015,20250606 12:14:17.131,29.52793316,106.6816325,3,25.85,1,460,1,SA,41340817665,10092973,257,10121472,633984,N78,401,-77,-13,3,33Thirty-Third_UAV_collection-DT-20250606105444ms2.csv
70382,20250525 18:45:04.240,29.52223169,106.6863359,3,43.02,1,460,1,SA,41340817672,10092973,264,10121472,633984,N78,654,-71,-12,5,33Twelfth_UAV_collection-DT-20250525182705ms2.csv
34974,20250603 19:38:36.211,29.51124355,106.672875,3,49.57,1,460,1,SA,41339908356,10092751,260,10121472,633984,N78,145,-82,-17,-3,33Thirtieth_UAV_collection-DT-20250603191432ms2.csv
44588,20250531 07:55:30.247,29.51057638,106.7008586,3,19.12,1,460,1,SA,41339986177,10092770,257,10121472,633984,N78,889,-82,-12,7,33Twenty-Seventh_UAV_collection-DT-20250531073332ms2.csv
14622,20250606 12:05:29.402,29.5313227,106.6876497,3,10.62,1,460,1,SA,41340817665,10092973,257,10121472,633984,N78,401,-74,-16,-2,33Thirty-Third_UAV_collection-DT-20250606105444ms2.csv
38470,20250603 21:46:35.195,29.52078651,106.6719011,3,0,1,460,1,SA,41342534787,10093392,1155,10121472,428910,N1,666,-101,-13,2,33Thirtieth_UAV_collection-DT-20250603191432ms2.csv
56986,20250530 09:44:31.102,29.51045156,106.6740876,3,0,1,460,1,SA,41339908357,10092751,261,10121472,633984,N78,146,-86,-13,4,33Twenty-Fourth_UAV_collection-DT-20250530092351ms2.csv
20731,20250605 19:33:30.532,29.52667739,106.7005185,3,33.7,1,460,1,SA,41340100865,10092798,257,10121472,633984,N78,502,-73,-13,6,33Thirty-Second_UAV_collection-DT-20250605183226ms2.csv
59471,20250530 10:43:43.347,29.50544247,106.6731436,3,50.98,1,460,1,SA,41340322052,10092852,260,10121472,633984,N78,319,-84,-14,0,33Twenty-Fourth_UAV_collection-DT-20250530092351ms2.csv
426,20250523 14:16:43.658,29.50875317,106.7028577,4,11.75,1,460,1,SA,41339986177,10092770,257,10121472,633984,N78,889,-88,-11,10,33First_UAV_collection-DT-20250523140548ms2.csv
34523,20250603 19:27:54.721,29.51819199,106.6721975,3,32.36,1,460,1,SA,41339568387,10092668,259,10121472,633984,N78,419,-79,-15,0,33Thirtieth_UAV_collection-DT-20250603191432ms2.csv
65613,20250525 15:47:33.182,29.5269924,106.6893085,3,48.17,1,460,1,SA,41340817668,10092973,260,10121472,633984,N78,400,-47,-11,20,33Eleventh_UAV_collection-DT-20250525153407ms2.csv
23417,20250607 11:23:07.579,29.50777246,106.6954634,3,0,1,460,1,SA,41339986178,10092770,258,10121472,633984,N78,755,-103,-13,4,33Thirty-Fifth_UAV_collection-DT-20250607104611ms2.csv
66543,20250528 19:06:54.749,29.523327,106.6784466,3,21.2,1,460,1,SA,41339216129,10092582,257,10121472,633984,N78,623,-45,-11,-2,33Seventeenth_UAV_collection-DT-20250528185928ms2.csv
13948,20250606 11:51:35.265,29.53075351,106.6851446,3,26.89,1,460,1,SA,41340821765,10092974,261,10121472,633984,N78,485,-77,-14,0,33Thirty-Third_UAV_collection-DT-20250606105444ms2.csv
39118,20250603 22:14:02.644,29.5207805,106.6719061,3,0,1,460,1,SA,41342534787,10093392,1155,10121472,428910,N1,666,-101,-12,3,33Thirtieth_UAV_collection-DT-20250603191432ms2.csv
66541,20250528 19:06:52.697,29.52344293,106.6784606,3,33.52,1,460,1,SA,41339216129,10092582,257,10121472,633984,N78,623,-45,-11,-2,33Seventeenth_UAV_collection-DT-20250528185928ms2.csv
79819,20251114 12:19:58.445,29.52365581,106.67795,3,26.82,1,460,1,SA,41339216130,10092582,258,10121472,633984,N78,622,-55,-12,-4,33Ground_collect1662.csv
26072,20250609 11:15:04.007,29.50889734,106.6846074,3,35.53,1,460,1,SA,41340612864,10092923,256,10121472,633984,N78,75,-82,-14,3,33Thirty-Eighth_UAV_collection-DT-20250609104912ms2.csv
20033,20250605 19:17:36.263,29.52815254,106.7000575,3,26.5,1,460,1,SA,41340100866,10092798,258,10121472,633984,N78,503,-76,-13,6,33Thirty-Second_UAV_collection-DT-20250605183226ms2.csv
49010,20250603 15:17:07.286,29.50756798,106.6900577,3,49.9,1,460,1,SA,41339986177,10092770,257,10121472,633984,N78,889,-82,-13,0,33Twenty-Ninth_UAV_collection-DT-20250603140533ms2.csv
21175,20250605 19:43:23.707,29.52607875,106.7010642,3,28.48,1,460,1,SA,41340100865,10092798,257,10121472,633984,N78,502,-79,-14,5,33Thirty-Second_UAV_collection-DT-20250605183226ms2.csv
70698,20250525 18:55:34.226,29.52380847,106.6894174,3,4.43,1,460,1,SA,41340821764,10092974,260,10121472,633984,N78,484,-69,-12,8,33Twelfth_UAV_collection-DT-20250525182705ms2.csv
69515,20250529 15:26:58.004,29.520134,106.6770158,3,42.91,1,460,1,SA,41340322051,10092852,259,10121472,633984,N78,884,-66,-12,5,33Nineteenth_UAV_collection-DT-20250529151022ms2.csv
75,20250523 14:07:08.920,29.5078177,106.7039052,4,0,1,460,1,SA,41339986177,10092770,257,10121472,633984,N78,889,-94,-11,11,33First_UAV_collection-DT-20250523140548ms2.csv
78505,20251114 11:45:08.204,29.51468205,106.679214,3,0,1,460,1,SA,41339908355,10092751,259,10121472,633984,N78,144,-76,-14,0,33Ground_collect348.csv
42488,20250524 20:08:28.137,29.51503567,106.6965113,3,26.78,1,460,1,SA,41340612871,10092923,263,10121472,633984,N78,329,-86,-15,-1,33Ninth_UAV_collection-DT-20250524195528ms2.csv
64043,20250524 18:01:23.620,29.51660801,106.6971147,3,17.96,1,460,1,SA,41340100865,10092798,257,10121472,633984,N78,502,-85,-16,-6,33Eighth_UAV_collection-DT-20250524174338ms2.csv
2553,20250524 15:55:16.576,29.52900598,106.6746489,3,32.8,1,460,1,SA,41339932928,10092757,256,10121472,633984,N78,126,-68,-13,15,33Seventh_UAV_collection-DT-20250524152047ms2.csv
14663,20250606 12:06:47.188,29.53103676,106.6876757,3,11.84,1,460,1,SA,41340813573,10092972,261,10121472,633984,N78,413,-54,-11,13,33Thirty-Third_UAV_collection-DT-20250606105444ms2.csv
47577,20250603 14:39:09.722,29.50671153,106.6791287,3,38.92,1,460,1,SA,41339666689,10092692,257,10121472,633984,N78,61,-80,-14,-1,33Twenty-Ninth_UAV_collection-DT-20250603140533ms2.csv
40307,20250603 23:03:31.240,29.52078251,106.6719001,3,0,1,460,1,SA,41342534787,10093392,1155,10121472,428910,N1,666,-101,-13,4,33Thirtieth_UAV_collection-DT-20250603191432ms2.csv
31386,20250606 17:42:49.835,29.53046329,106.6757567,3,0,1,460,1,SA,41340518661,10092900,261,10121472,633984,N78,821,-88,-12,4,33Thirty-Fourth_UAV_collection-DT-20250606172119ms2.csv
7593,20250604 18:31:14.610,29.52830009,106.6736917,3,42.34,1,460,1,SA,41339932928,10092757,256,10121472,633984,N78,126,-80,-19,1,33Thirty-First_UAV_collection-DT-20250604165431ms2.csv
31572,20250606 17:47:42.191,29.53079767,106.6739179,3,24.55,1,460,1,SA,41339932933,10092757,261,10121472,633984,N78,50,-77,-15,-1,33Thirty-Fourth_UAV_collection-DT-20250606172119ms2.csv
74365,20250529 13:54:09.049,29.51231552,106.6805424,3,43.67,1,460,1,SA,41340612865,10092923,257,10121472,633984,N78,76,-67,-11,26,33Eighteenth_UAV_collection-DT-20250529125837ms2.csv
10323,20250608 12:21:18.995,29.50895436,106.6835094,3,28.51,1,460,1,SA,41340612865,10092923,257,10121472,633984,N78,76,-87,-18,-4,33Thirty-Seventh_UAV_collection-DT-20250608112653ms2.csv
11227,20250606 10:55:08.085,29.53119156,106.6877555,3,0,1,460,1,SA,41340813573,10092972,261,10121472,633984,N78,413,-55,-11,10,33Thirty-Third_UAV_collection-DT-20250606105444ms2.csv
63700,20250524 17:53:10.132,29.51901302,106.6995544,3,49.75,1,460,1,SA,41340100865,10092798,257,10121472,633984,N78,502,-89,-17,-1,33Eighth_UAV_collection-DT-20250524174338ms2.csv
9072,20250608 11:53:15.320,29.50651004,106.6858561,3,33.41,1,460,1,SA,41339506944,10092653,256,10116864,633984,N78,981,-85,-15,-4,33Thirty-Seventh_UAV_collection-DT-20250608112653ms2.csv
69823,20250525 18:31:05.336,29.52483498,106.6861592,3,52.06,1,460,1,SA,41340817664,10092973,256,10121472,633984,N78,119,-73,-12,0,33Twelfth_UAV_collection-DT-20250525182705ms2.csv
16484,20250609 12:03:11.744,29.50473738,106.6866251,3,29.74,1,460,1,SA,41339196421,10092577,1029,10121472,428910,N1,533,-82,-15,-1,33Thirty-Ninth_UAV_collection-DT-20250609114511ms2.csv
16829,20250609 12:10:58.816,29.50329092,106.6861236,9,0,1,460,1,NSA,41341248643,10093078,1155,10116864,428910,N1,840,-74,-16,-2,33Thirty-Ninth_UAV_collection-DT-20250609114511ms2.csv
62297,20250524 13:37:19.411,29.5272945,106.6736847,3,38.48,1,460,1,SA,41339932929,10092757,257,10121472,633984,N78,127,-68,-12,15,33Fifth_UAV_collection-DT-20250524132512ms2.csv
72064,20250529 13:01:58.592,29.51402314,106.674581,3,44.42,1,460,1,SA,41339908354,10092751,258,10121472,633984,N78,770,-78,-12,3,33Eighteenth_UAV_collection-DT-20250529125837ms2.csv
21644,20250605 19:54:27.894,29.52496204,106.6986862,3,21.92,1,460,1,SA,41340612870,10092923,262,10121472,633984,N78,327,-77,-12,4,33Thirty-Second_UAV_collection-DT-20250605183226ms2.csv
34742,20250603 19:32:50.700,29.51355667,106.6728389,3,35.75,1,460,1,SA,41339908356,10092751,260,10121472,633984,N78,145,-87,-20,-9,33Thirtieth_UAV_collection-DT-20250603191432ms2.csv
69164,20250529 15:19:06.159,29.5214328,106.6757981,3,52.31,1,460,1,SA,41340322051,10092852,259,10121472,633984,N78,884,-71,-12,8,33Nineteenth_UAV_collection-DT-20250529151022ms2.csv
79508,20251114 12:11:41.090,29.52295724,106.683716,3,26.53,1,460,1,SA,41340817666,10092973,258,10121472,633984,N78,913,-71,-11,19,33Ground_collect1351.csv
55462,20250530 18:31:16.205,29.51340691,106.6909769,3,34.74,1,460,1,SA,41339986177,10092770,257,10121472,633984,N78,889,-79,-13,1,33Twenty-Sixth_UAV_collection-DT-20250530175456ms2.csv
27761,20250607 16:15:54.247,29.50421246,106.6883555,3,25.27,1,460,1,SA,41339196421,10092577,1029,10121472,428910,N1,533,-86,-16,-3,33Thirty-Sixth_UAV_collection-DT-20250607160740ms2.csv
70687,20250525 18:55:10.525,29.52396778,106.68921,3,4.54,1,460,1,SA,41340821764,10092974,260,10121472,633984,N78,484,-73,-13,7,33Twelfth_UAV_collection-DT-20250525182705ms2.csv
26366,20250609 11:21:15.185,29.51010593,106.6845585,3,31.1,1,460,1,SA,41340612864,10092923,256,10121472,633984,N78,75,-81,-15,-3,33Thirty-Eighth_UAV_collection-DT-20250609104912ms2.csv
40858,20250603 23:26:49.273,29.52078652,106.6718981,3,0,1,460,1,SA,41342534787,10093392,1155,10121472,428910,N1,666,-101,-13,3,33Thirtieth_UAV_collection-DT-20250603191432ms2.csv
52297,20250530 15:26:59.356,29.51250967,106.6846989,3,29.16,1,460,1,SA,41340612872,10092923,264,10121472,633984,N78,328,-83,-14,-5,33Twenty-Fifth_UAV_collection-DT-20250530145732ms2.csv
48945,20250603 15:15:41.895,29.50779831,106.6898213,3,40.28,1,460,1,SA,41340612871,10092923,263,10121472,633984,N78,329,-83,-15,-1,33Twenty-Ninth_UAV_collection-DT-20250603140533ms2.csv
57423,20250530 09:55:55.395,29.50744209,106.670814,3,51.16,1,460,1,SA,41341288704,10093088,256,10116864,633984,N78,386,-77,-11,18,33Twenty-Fourth_UAV_collection-DT-20250530092351ms2.csv
67840,20250526 15:16:57.146,29.52124675,106.6865244,3,0,1,460,1,SA,41340817672,10092973,264,10121472,633984,N78,654,-65,-11,15,33Thirteenth_UAV_collection-DT-20250526150443ms2.csv
59178,20250530 10:37:25.181,29.50778466,106.6772409,3,52.92,1,460,1,SA,41339670788,10092693,260,10121472,633984,N78,244,-72,-11,11,33Twenty-Fourth_UAV_collection-DT-20250530092351ms2.csv
15861,20250609 11:49:49.980,29.50405117,106.6874499,3,46.04,1,460,1,SA,41339908356,10092751,260,10121472,633984,N78,145,-85,-17,-5,33Thirty-Ninth_UAV_collection-DT-20250609114511ms2.csv
32494,20250606 18:07:36.729,29.52958809,106.6813222,3,13.5,1,460,1,SA,41340518659,10092900,259,10121472,633984,N78,820,-72,-13,19,33Thirty-Fourth_UAV_collection-DT-20250606172119ms2.csv
29452,20250607 16:44:58.080,29.50521392,106.6994405,3,18.79,1,460,1,SA,41339785483,10092721,267,10121472,633984,N78,118,-92,-18,-7,33Thirty-Sixth_UAV_collection-DT-20250607160740ms2.csv
8393,20250608 11:38:52.449,29.50592114,106.6779261,3,36.61,1,460,1,SA,41342534790,10093392,1158,10121472,428910,N1,733,-90,-13,-10,33Thirty-Seventh_UAV_collection-DT-20250608112653ms2.csv
44314,20250531 07:48:29.996,29.51136512,106.694782,3,31.18,1,460,1,SA,41340612871,10092923,263,10121472,633984,N78,329,-88,-14,-1,33Twenty-Seventh_UAV_collection-DT-20250531073332ms2.csv
2758,20250524 15:59:05.010,29.53635398,106.6789265,3,26.71,1,460,1,SA,41340518662,10092900,262,10121472,633984,N78,97,-57,-11,30,33Seventh_UAV_collection-DT-20250524152047ms2.csv
77111,20250525 12:45:04.838,29.52207112,106.6957389,3,29.34,1,460,1,SA,41340612870,10092923,262,10121472,633984,N78,327,-80,-12,3,33Tenth_UAV_collection-DT-20250525122813ms2.csv
72604,20250529 13:13:29.388,29.51223344,106.6758575,3,52.49,1,460,1,SA,41339670789,10092693,261,10121472,633984,N78,245,-71,-15,-3,33Eighteenth_UAV_collection-DT-20250529125837ms2.csv
30162,20250607 16:57:18.673,29.50602776,106.687766,3,18.25,1,460,1,SA,41339785483,10092721,267,10121472,633984,N78,118,-92,-18,-9,33Thirty-Sixth_UAV_collection-DT-20250607160740ms2.csv
77129,20250525 12:45:38.177,29.52304593,106.6962106,3,19.69,1,460,1,SA,41340612870,10092923,262,10121472,633984,N78,327,-76,-12,10,33Tenth_UAV_collection-DT-20250525122813ms2.csv
28865,20250607 16:34:48.664,29.50481455,106.6955574,3,21.2,1,460,1,SA,41339785483,10092721,267,10121472,633984,N78,118,-87,-15,-3,33Thirty-Sixth_UAV_collection-DT-20250607160740ms2.csv
943,20250524 15:23:09.904,29.51943273,106.6977968,3,35.21,1,460,1,SA,41340100865,10092798,257,10121472,633984,N78,502,-86,-11,9,33Seventh_UAV_collection-DT-20250524152047ms2.csv
